{
  "version": 1,
  "author": "Felipe Genaro",
  "editor": "wokwi",
  "parts": [
    { "type": "wokwi-breadboard-half", "id": "bb1", "top": 64.2, "left": -122, "attrs": {} },
    {
      "type": "board-esp32-devkit-c-v4",
      "id": "esp",
      "top": -116.86,
      "left": -5.9,
      "rotate": 90,
      "attrs": { "env": "micropython-20231227-v1.22.0" }
    },
    {
      "type": "wokwi-led",
      "id": "led1",
      "top": 102,
      "left": -63,
      "attrs": { "color": "red", "flip": "1" }
    },
    {
      "type": "wokwi-resistor",
      "id": "r1",
      "top": 147.95,
      "left": 105.6,
      "attrs": { "value": "65" }
    },
    {
      "type": "wokwi-led",
      "id": "led2",
      "top": 102,
      "left": 148.2,
      "attrs": { "color": "limegreen", "flip": "1" }
    },
    {
      "type": "wokwi-led",
      "id": "led3",
      "top": 102,
      "left": 42.6,
      "attrs": { "color": "yellow", "flip": "1" }
    },
    {
      "type": "wokwi-resistor",
      "id": "r2",
      "top": 147.95,
      "left": -105.6,
      "attrs": { "value": "65" }
    },
    { "type": "wokwi-resistor", "id": "r3", "top": 147.95, "left": 0, "attrs": { "value": "65" } }
  ],
  "connections": [
    [ "esp:TX", "$serialMonitor:RX", "", [] ],
    [ "esp:RX", "$serialMonitor:TX", "", [] ],
    [ "led2:C", "bb1:tn.25", "black", [ "h9.6", "v-57.5" ] ],
    [ "led3:C", "bb1:tn.15", "black", [ "h9.2", "v-57.5" ] ],
    [ "led1:C", "bb1:tn.6", "black", [ "h9.6", "v-57.5" ] ],
    [ "esp:12", "r2:1", "red", [ "v-9.45", "h-96" ] ],
    [ "esp:14", "r3:1", "gold", [ "v-9.45", "h134.4", "v124.8", "h-134.4" ] ],
    [ "esp:27", "r1:1", "limegreen", [ "v-19.05", "h134.4", "v144", "h-57.6", "v76.8" ] ],
    [ "bb1:tn.20", "esp:GND.2", "black", [ "v0" ] ],
    [ "r2:2", "bb1:6t.e", "", [ "$bb" ] ],
    [ "r1:1", "bb1:22t.e", "", [ "$bb" ] ],
    [ "r1:2", "bb1:28t.e", "", [ "$bb" ] ],
    [ "led3:A", "bb1:17t.d", "", [ "$bb" ] ],
    [ "led3:C", "bb1:18t.d", "", [ "$bb" ] ],
    [ "r3:1", "bb1:11t.e", "", [ "$bb" ] ],
    [ "r3:2", "bb1:17t.e", "", [ "$bb" ] ],
    [ "led1:A", "bb1:6t.d", "", [ "$bb" ] ],
    [ "led1:C", "bb1:7t.d", "", [ "$bb" ] ],
    [ "led2:A", "bb1:28t.d", "", [ "$bb" ] ],
    [ "led2:C", "bb1:29t.d", "", [ "$bb" ] ]
  ],
  "dependencies": {}
}