{
  "version": 1,
  "author": "Felipe Genaro",
  "editor": "wokwi",
  "parts": [
    { "type": "wokwi-breadboard-half", "id": "bb1", "top": 73.8, "left": -170, "attrs": {} },
    {
      "type": "board-esp32-devkit-c-v4",
      "id": "esp",
      "top": -116.86,
      "left": 22.9,
      "rotate": 90,
      "attrs": { "env": "micropython-20231227-v1.22.0" }
    },
    {
      "type": "board-ssd1306",
      "id": "oled1",
      "top": -25.66,
      "left": 221.03,
      "attrs": { "i2cAddress": "0x3c" }
    },
    {
      "type": "wokwi-pushbutton-6mm",
      "id": "btn1",
      "top": 163.7,
      "left": 70.7,
      "rotate": 90,
      "attrs": { "color": "green" }
    },
    {
      "type": "wokwi-pushbutton-6mm",
      "id": "btn2",
      "top": 163.7,
      "left": 109.1,
      "rotate": 90,
      "attrs": { "color": "red" }
    },
    {
      "type": "wokwi-resistor",
      "id": "r1",
      "top": 157.55,
      "left": -144,
      "attrs": { "value": "65" }
    },
    {
      "type": "wokwi-resistor",
      "id": "r2",
      "top": 157.55,
      "left": -38.4,
      "rotate": 180,
      "attrs": { "value": "65" }
    },
    {
      "type": "wokwi-led",
      "id": "led1",
      "top": 111.6,
      "left": -101.4,
      "attrs": { "color": "limegreen", "flip": "1" }
    },
    {
      "type": "wokwi-led",
      "id": "led2",
      "top": 111.6,
      "left": -63,
      "attrs": { "color": "red", "flip": "" }
    }
  ],
  "connections": [
    [ "esp:TX", "$serialMonitor:RX", "", [] ],
    [ "esp:RX", "$serialMonitor:TX", "", [] ],
    [ "btn1:2.l", "esp:18", "green", [ "v-96", "h-0.4" ] ],
    [ "btn2:2.l", "esp:19", "red", [ "v-86.4", "h-0.4" ] ],
    [ "esp:GND.3", "bb1:bn.25", "black", [ "v9.6", "h0", "v9.6", "h76.8", "v211.2" ] ],
    [ "btn1:1.r", "bb1:bn.21", "black", [ "v0" ] ],
    [ "esp:21", "oled1:SDA", "gold", [ "v9.6", "h76.8", "v57.6", "h201.6", "v-153.6", "h-9.6" ] ],
    [ "esp:22", "oled1:SCL", "green", [ "v28.8", "h57.6", "v-96", "h19.2" ] ],
    [ "oled1:VCC", "esp:3V3", "red", [ "v-38.4", "h-9.45" ] ],
    [ "oled1:GND", "esp:GND.2", "black", [ "v-19.2", "h-57.6", "v76.8" ] ],
    [ "r1:1", "esp:14", "limegreen", [ "v-268.8", "h28.8" ] ],
    [ "r2:1", "esp:27", "red", [ "v-105.3", "h-97.4", "v-124.8", "h0", "v0", "h134.4" ] ],
    [ "btn2:1.r", "bb1:bn.24", "black", [ "v0" ] ],
    [ "r1:1", "bb1:1t.e", "", [ "$bb" ] ],
    [ "r1:2", "bb1:7t.e", "", [ "$bb" ] ],
    [ "led2:A", "bb1:12t.d", "", [ "$bb" ] ],
    [ "led2:C", "bb1:11t.d", "", [ "$bb" ] ],
    [ "r2:1", "bb1:18t.e", "", [ "$bb" ] ],
    [ "r2:2", "bb1:12t.e", "", [ "$bb" ] ],
    [ "led1:A", "bb1:7t.d", "", [ "$bb" ] ],
    [ "led1:C", "bb1:8t.d", "", [ "$bb" ] ],
    [ "btn1:1.l", "bb1:26t.e", "", [ "$bb" ] ],
    [ "btn1:2.l", "bb1:24t.e", "", [ "$bb" ] ],
    [ "btn1:1.r", "bb1:26b.f", "", [ "$bb" ] ],
    [ "btn1:2.r", "bb1:24b.f", "", [ "$bb" ] ],
    [ "btn2:1.l", "bb1:30t.e", "", [ "$bb" ] ],
    [ "btn2:2.l", "bb1:28t.e", "", [ "$bb" ] ],
    [ "btn2:1.r", "bb1:30b.f", "", [ "$bb" ] ],
    [ "btn2:2.r", "bb1:28b.f", "", [ "$bb" ] ],
    [ "led1:C", "bb1:bn.6", "black", [ "v0" ] ],
    [ "led2:C", "bb1:bn.9", "black", [ "v0" ] ]
  ],
  "dependencies": {}
}